prompt,model_output,reference_output
"How do photosynthesis works?","Photosynthesis is a process where plants convert sunlight into chemical energy through a series of light-dependent and light-independent reactions. The process occurs in two main stages: the light-dependent reactions in the thylakoid membrane and the Calvin cycle in the stroma. This process produces glucose and oxygen as byproducts.","Photosynthesis is the process by which plants use sunlight, water, and carbon dioxide to produce oxygen and energy in the form of glucose."
"What is the capital of France?","The capital of France is Paris, located in the north-central part of the country. Paris is known for its iconic landmarks such as the Eiffel Tower, Notre-Dame Cathedral, and the Louvre Museum. It serves as the political, cultural, and economic center of France.","Paris is the capital and most populous city of France."
"Explain machine learning in simple terms","Machine learning is a subset of artificial intelligence where computers learn patterns from data without being explicitly programmed. The system improves its performance through experience. There are three main types: supervised learning (with labeled data), unsupervised learning (finding patterns in unlabeled data), and reinforcement learning (learning through rewards and penalties).","Machine learning is a method of data analysis that automates analytical model building. It is a branch of artificial intelligence based on the idea that systems can learn from data, identify patterns and make decisions with minimal human intervention."
"What are the benefits of regular exercise?","Regular exercise provides numerous health benefits including improved cardiovascular health, stronger muscles and bones, better weight management, reduced risk of chronic diseases like diabetes and heart disease, improved mental health and mood, better sleep quality, and increased energy levels. Exercise also helps reduce stress and anxiety while boosting cognitive function and brain health.","Regular physical exercise promotes stronger muscles and bones, improves cardiovascular health, weight management, and mental well-being."
"Describe the water cycle","The water cycle, also known as the hydrological cycle, is the continuous process of water moving between the Earth's surface and the atmosphere. It involves evaporation (water turning into vapor from surfaces like oceans and lakes), condensation (vapor cooling and forming clouds), precipitation (rain, snow, etc.), and collection (water gathering in bodies of water). This cycle is driven by solar energy and is essential for life on Earth.","The water cycle is the process of water evaporating from the surface, condensing in the atmosphere, precipitating, and collecting in water bodies."
"What is quantum computing?","Quantum computing is a revolutionary computing paradigm that uses quantum bits (qubits) instead of classical bits. Unlike classical bits which are either 0 or 1, qubits can exist in a superposition of both states simultaneously. Quantum computers can process information in fundamentally different ways, potentially solving complex problems much faster than classical computers. Key principles include superposition, entanglement, and interference.","Quantum computing uses quantum bits (qubits) that operate under the principles of superposition and entanglement, potentially enabling exponentially faster computation than classical computers."
"How do vaccines work?","Vaccines work by training the immune system to recognize and fight specific pathogens without causing the disease itself. They contain weakened or inactive forms of a virus or bacteria, or genetic instructions to produce a harmless protein. When the vaccine is administered, the immune system produces antibodies and develops memory cells. If the person later encounters the real pathogen, the immune system can quickly recognize and eliminate it, preventing illness.","Vaccines contain weakened or inactive forms of disease-causing pathogens. They stimulate the immune system to produce antibodies and develop immunity without causing the disease."
"What is blockchain technology?","Blockchain is a distributed ledger technology where data is stored in blocks linked chronologically using cryptographic hashing. Each block contains transaction data and a reference to the previous block, making it extremely difficult to alter historical records. The technology operates on a decentralized network without a central authority. It ensures transparency, security, and immutability of records. Blockchain is the foundation of cryptocurrencies like Bitcoin but has applications beyond finance.","Blockchain is a distributed ledger technology that maintains a secure and transparent record of transactions through cryptographic linking of data blocks."
"Explain photosynthesis equation","The overall equation for photosynthesis is: 6CO2 + 6H2O + light energy → C6H12O6 + 6O2. This means 6 molecules of carbon dioxide plus 6 molecules of water plus light energy produce one molecule of glucose and 6 molecules of oxygen. This equation represents the net result of both the light-dependent and light-independent reactions. The process is essential for converting solar energy into chemical energy stored in glucose.","The photosynthesis equation is: 6CO2 + 6H2O + light energy → C6H12O6 + 6O2"
"What are renewable energy sources?","Renewable energy sources are energy resources that can be naturally replenished and are sustainable. Major types include solar energy (from the sun), wind energy (from wind turbines), hydroelectric power (from flowing water), geothermal energy (from Earth's internal heat), and biomass (from organic materials). These sources produce little to no greenhouse gases compared to fossil fuels. They are crucial for combating climate change and ensuring energy security for future generations.","Renewable energy sources include solar, wind, hydroelectric, geothermal, and biomass energy. They are sustainable and produce minimal environmental impact."
"Describe DNA structure","DNA (deoxyribonucleic acid) has a double helix structure consisting of two complementary strands twisted together. Each strand is made up of nucleotides comprising a sugar (deoxyribose), a phosphate group, and a nitrogenous base (adenine, guanine, cytosine, or thymine). The two strands are held together by hydrogen bonds between complementary base pairs (A with T, G with C). This structure allows DNA to replicate accurately and store genetic information.","DNA is a double helix molecule composed of nucleotides. It consists of two complementary strands held together by hydrogen bonds between base pairs."
